persona_id,temperatura_lead,prioridade_retencao_mock,objecao_esperada,segmentacao_psicologica_mock,evento_vida_prioritario_mock,next_best_action_mock,produto_ou_tema_prioritario,melhor_canal_prescritivo_mock,urgencia,motivo_nba,mensagem_consultiva_sugerida,guardrail
PRI-001,Quente,Alta,Quer confirmar regras antes de contratar,Sofisticado internacional,Abertura de empresa,Trabalhar retenção antes de oferta,Retenção/Relacionamento,WhatsApp oficial,Alta,"Risco de churn ou baixo share wallet. Priorizar confiança, valor percebido e redução de fricção.","Abordar como sofisticado internacional, conectando Retenção/Relacionamento ao momento de vida: Abertura de empresa.","Recomendação prescritiva fictícia. Não representa oferta real, aprovação de crédito ou regra oficial do banco."
PRI-002,Quente,Média,Prefere manter investimentos pulverizados,Investidor de impacto,Compra de imóvel planejada,Oferecer diagnóstico de proteção familiar,Seguro de vida,Gerente Principal,Alta,Lacuna de proteção familiar com perfil de alta renda exige abordagem consultiva.,"Abordar como investidor de impacto, conectando Seguro de vida ao momento de vida: Compra de imóvel planejada.","Recomendação prescritiva fictícia. Não representa oferta real, aprovação de crédito ou regra oficial do banco."
PRI-003,Quente,Média,Quer confirmar regras antes de contratar,Protetor familiar,Abertura de empresa,Agendar conversa de wealth planning,Wealth Planning,Videochamada,Alta,Evento patrimonial ou familiar indica oportunidade de planejamento sucessório e proteção.,"Abordar como protetor familiar, conectando Wealth Planning ao momento de vida: Abertura de empresa.","Recomendação prescritiva fictícia. Não representa oferta real, aprovação de crédito ou regra oficial do banco."
PRI-004,Quente,Alta,Ainda não percebe valor no segmento Principal,Conservador de legado,Renovação de cartão premium,Trabalhar retenção antes de oferta,Retenção/Relacionamento,App Bradesco,Alta,"Risco de churn ou baixo share wallet. Priorizar confiança, valor percebido e redução de fricção.","Abordar como conservador de legado, conectando Retenção/Relacionamento ao momento de vida: Renovação de cartão premium.","Recomendação prescritiva fictícia. Não representa oferta real, aprovação de crédito ou regra oficial do banco."
PRI-005,Quente,Alta,Quer confirmar regras antes de contratar,Empreendedor oportunista,Compra de imóvel planejada,Trabalhar retenção antes de oferta,Retenção/Relacionamento,WhatsApp oficial,Alta,"Risco de churn ou baixo share wallet. Priorizar confiança, valor percebido e redução de fricção.","Abordar como empreendedor oportunista, conectando Retenção/Relacionamento ao momento de vida: Compra de imóvel planejada.","Recomendação prescritiva fictícia. Não representa oferta real, aprovação de crédito ou regra oficial do banco."
PRI-006,Quente,Baixa,Tem dúvida sobre custo-benefício da anuidade,Empreendedor oportunista,Revisão sucessória familiar,Agendar conversa de wealth planning,Wealth Planning,App Bradesco,Alta,Evento patrimonial ou familiar indica oportunidade de planejamento sucessório e proteção.,"Abordar como empreendedor oportunista, conectando Wealth Planning ao momento de vida: Revisão sucessória familiar.","Recomendação prescritiva fictícia. Não representa oferta real, aprovação de crédito ou regra oficial do banco."
PRI-007,Quente,Baixa,Quer confirmar regras antes de contratar,Gastador planejado,Renovação de cartão premium,Oferecer diagnóstico de proteção familiar,Seguro de vida,Videochamada,Alta,Lacuna de proteção familiar com perfil de alta renda exige abordagem consultiva.,"Abordar como gastador planejado, conectando Seguro de vida ao momento de vida: Renovação de cartão premium.","Recomendação prescritiva fictícia. Não representa oferta real, aprovação de crédito ou regra oficial do banco."
PRI-008,Nutrição,Baixa,Prefere manter investimentos pulverizados,Investidor de impacto,Liquidação de investimento relevante,Oferecer diagnóstico de proteção familiar,Seguro de vida,WhatsApp oficial,Baixa,Lacuna de proteção familiar com perfil de alta renda exige abordagem consultiva.,"Abordar como investidor de impacto, conectando Seguro de vida ao momento de vida: Liquidação de investimento relevante.","Recomendação prescritiva fictícia. Não representa oferta real, aprovação de crédito ou regra oficial do banco."
PRI-009,Morno,Baixa,Ainda não percebe valor no segmento Principal,Otimizador de benefícios,Herança em organização,Solicitar consentimento Open Finance de forma transparente,Open Finance,WhatsApp oficial,Média,Há gap de patrimônio estimado e oportunidade de mapear ativos externos com autorização do cliente.,"Abordar como otimizador de benefícios, conectando Open Finance ao momento de vida: Herança em organização.","Recomendação prescritiva fictícia. Não representa oferta real, aprovação de crédito ou regra oficial do banco."
PRI-010,Quente,Baixa,Tem dúvida sobre custo-benefício da anuidade,Empreendedor oportunista,Compra de imóvel planejada,Solicitar consentimento Open Finance de forma transparente,Open Finance,App Bradesco,Alta,Há gap de patrimônio estimado e oportunidade de mapear ativos externos com autorização do cliente.,"Abordar como empreendedor oportunista, conectando Open Finance ao momento de vida: Compra de imóvel planejada.","Recomendação prescritiva fictícia. Não representa oferta real, aprovação de crédito ou regra oficial do banco."
PRI-011,Quente,Baixa,Quer confirmar regras antes de contratar,Gastador planejado,Mudança de cidade,Solicitar consentimento Open Finance de forma transparente,Open Finance,Videochamada,Alta,Há gap de patrimônio estimado e oportunidade de mapear ativos externos com autorização do cliente.,"Abordar como gastador planejado, conectando Open Finance ao momento de vida: Mudança de cidade.","Recomendação prescritiva fictícia. Não representa oferta real, aprovação de crédito ou regra oficial do banco."
PRI-012,Quente,Alta,Tem dúvida sobre custo-benefício da anuidade,Gastador planejado,Nascimento de filho,Trabalhar retenção antes de oferta,Retenção/Relacionamento,WhatsApp oficial,Alta,"Risco de churn ou baixo share wallet. Priorizar confiança, valor percebido e redução de fricção.","Abordar como gastador planejado, conectando Retenção/Relacionamento ao momento de vida: Nascimento de filho.","Recomendação prescritiva fictícia. Não representa oferta real, aprovação de crédito ou regra oficial do banco."
PRI-013,Quente,Alta,Prefere manter investimentos pulverizados,Empreendedor oportunista,Casamento ou união estável,Trabalhar retenção antes de oferta,Retenção/Relacionamento,App Bradesco,Alta,"Risco de churn ou baixo share wallet. Priorizar confiança, valor percebido e redução de fricção.","Abordar como empreendedor oportunista, conectando Retenção/Relacionamento ao momento de vida: Casamento ou união estável.","Recomendação prescritiva fictícia. Não representa oferta real, aprovação de crédito ou regra oficial do banco."
PRI-014,Quente,Alta,Já possui cartão premium em outro banco,Empreendedor oportunista,Abertura de empresa,Trabalhar retenção antes de oferta,Retenção/Relacionamento,Gerente Principal,Alta,"Risco de churn ou baixo share wallet. Priorizar confiança, valor percebido e redução de fricção.","Abordar como empreendedor oportunista, conectando Retenção/Relacionamento ao momento de vida: Abertura de empresa.","Recomendação prescritiva fictícia. Não representa oferta real, aprovação de crédito ou regra oficial do banco."
PRI-015,Quente,Alta,Prefere manter investimentos pulverizados,Protetor familiar,Revisão sucessória familiar,Trabalhar retenção antes de oferta,Retenção/Relacionamento,E-mail corporativo validado,Alta,"Risco de churn ou baixo share wallet. Priorizar confiança, valor percebido e redução de fricção.","Abordar como protetor familiar, conectando Retenção/Relacionamento ao momento de vida: Revisão sucessória familiar.","Recomendação prescritiva fictícia. Não representa oferta real, aprovação de crédito ou regra oficial do banco."
PRI-016,Quente,Alta,Não usa todos os benefícios atuais,Sofisticado internacional,Filho entrando na faculdade,Trabalhar retenção antes de oferta,Retenção/Relacionamento,Videochamada,Alta,"Risco de churn ou baixo share wallet. Priorizar confiança, valor percebido e redução de fricção.","Abordar como sofisticado internacional, conectando Retenção/Relacionamento ao momento de vida: Filho entrando na faculdade.","Recomendação prescritiva fictícia. Não representa oferta real, aprovação de crédito ou regra oficial do banco."
PRI-017,Quente,Alta,Prefere manter investimentos pulverizados,Acumulador patrimonial,Nascimento de filho,Trabalhar retenção antes de oferta,Retenção/Relacionamento,WhatsApp oficial,Alta,"Risco de churn ou baixo share wallet. Priorizar confiança, valor percebido e redução de fricção.","Abordar como acumulador patrimonial, conectando Retenção/Relacionamento ao momento de vida: Nascimento de filho.","Recomendação prescritiva fictícia. Não representa oferta real, aprovação de crédito ou regra oficial do banco."
PRI-018,Quente,Alta,Tem dúvida sobre custo-benefício da anuidade,Otimizador de benefícios,Recebimento de bônus anual,Trabalhar retenção antes de oferta,Retenção/Relacionamento,App Bradesco,Alta,"Risco de churn ou baixo share wallet. Priorizar confiança, valor percebido e redução de fricção.","Abordar como otimizador de benefícios, conectando Retenção/Relacionamento ao momento de vida: Recebimento de bônus anual.","Recomendação prescritiva fictícia. Não representa oferta real, aprovação de crédito ou regra oficial do banco."
PRI-019,Quente,Baixa,Não usa todos os benefícios atuais,Otimizador de benefícios,Viagem internacional relevante,Oferecer diagnóstico de proteção familiar,Seguro de vida,Gerente Principal,Alta,Lacuna de proteção familiar com perfil de alta renda exige abordagem consultiva.,"Abordar como otimizador de benefícios, conectando Seguro de vida ao momento de vida: Viagem internacional relevante.","Recomendação prescritiva fictícia. Não representa oferta real, aprovação de crédito ou regra oficial do banco."
PRI-020,Quente,Média,Não usa todos os benefícios atuais,Conservador de legado,Compra de imóvel planejada,Solicitar consentimento Open Finance de forma transparente,Open Finance,Gerente Principal,Alta,Há gap de patrimônio estimado e oportunidade de mapear ativos externos com autorização do cliente.,"Abordar como conservador de legado, conectando Open Finance ao momento de vida: Compra de imóvel planejada.","Recomendação prescritiva fictícia. Não representa oferta real, aprovação de crédito ou regra oficial do banco."
PRI-021,Quente,Média,Não usa todos os benefícios atuais,Conservador de legado,Casamento ou união estável,Oferecer diagnóstico de proteção familiar,Seguro de vida,Gerente Principal,Alta,Lacuna de proteção familiar com perfil de alta renda exige abordagem consultiva.,"Abordar como conservador de legado, conectando Seguro de vida ao momento de vida: Casamento ou união estável.","Recomendação prescritiva fictícia. Não representa oferta real, aprovação de crédito ou regra oficial do banco."
PRI-022,Quente,Alta,Tem dúvida sobre custo-benefício da anuidade,Gastador planejado,Expansão da empresa familiar,Trabalhar retenção antes de oferta,Retenção/Relacionamento,Videochamada,Alta,"Risco de churn ou baixo share wallet. Priorizar confiança, valor percebido e redução de fricção.","Abordar como gastador planejado, conectando Retenção/Relacionamento ao momento de vida: Expansão da empresa familiar.","Recomendação prescritiva fictícia. Não representa oferta real, aprovação de crédito ou regra oficial do banco."
PRI-023,Quente,Alta,Tem dúvida sobre custo-benefício da anuidade,Protetor familiar,Liquidação de investimento relevante,Trabalhar retenção antes de oferta,Retenção/Relacionamento,App Bradesco,Alta,"Risco de churn ou baixo share wallet. Priorizar confiança, valor percebido e redução de fricção.","Abordar como protetor familiar, conectando Retenção/Relacionamento ao momento de vida: Liquidação de investimento relevante.","Recomendação prescritiva fictícia. Não representa oferta real, aprovação de crédito ou regra oficial do banco."
PRI-024,Quente,Alta,Quer confirmar regras antes de contratar,Investidor de impacto,Venda de participação societária,Trabalhar retenção antes de oferta,Retenção/Relacionamento,Agência,Alta,"Risco de churn ou baixo share wallet. Priorizar confiança, valor percebido e redução de fricção.","Abordar como investidor de impacto, conectando Retenção/Relacionamento ao momento de vida: Venda de participação societária.","Recomendação prescritiva fictícia. Não representa oferta real, aprovação de crédito ou regra oficial do banco."
PRI-025,Quente,Média,Tem dúvida sobre custo-benefício da anuidade,Conservador de legado,Venda de participação societária,Solicitar consentimento Open Finance de forma transparente,Open Finance,E-mail corporativo validado,Alta,Há gap de patrimônio estimado e oportunidade de mapear ativos externos com autorização do cliente.,"Abordar como conservador de legado, conectando Open Finance ao momento de vida: Venda de participação societária.","Recomendação prescritiva fictícia. Não representa oferta real, aprovação de crédito ou regra oficial do banco."
PRI-026,Quente,Alta,Tem dúvida sobre custo-benefício da anuidade,Otimizador de benefícios,Nascimento de filho,Trabalhar retenção antes de oferta,Retenção/Relacionamento,WhatsApp oficial,Alta,"Risco de churn ou baixo share wallet. Priorizar confiança, valor percebido e redução de fricção.","Abordar como otimizador de benefícios, conectando Retenção/Relacionamento ao momento de vida: Nascimento de filho.","Recomendação prescritiva fictícia. Não representa oferta real, aprovação de crédito ou regra oficial do banco."
PRI-027,Quente,Baixa,Prefere manter investimentos pulverizados,Investidor de impacto,Mudança de cidade,Apresentar cartão Principal por aderência,Bradesco Principal,Gerente Principal,Alta,Cartão Bradesco Principal tem maior aderência ao perfil informado e aos objetivos de benefícios.,"Abordar como investidor de impacto, conectando Bradesco Principal ao momento de vida: Mudança de cidade.","Recomendação prescritiva fictícia. Não representa oferta real, aprovação de crédito ou regra oficial do banco."
PRI-028,Quente,Baixa,Quer confirmar regras antes de contratar,Protetor familiar,Liquidação de investimento relevante,Solicitar consentimento Open Finance de forma transparente,Open Finance,Agência,Alta,Há gap de patrimônio estimado e oportunidade de mapear ativos externos com autorização do cliente.,"Abordar como protetor familiar, conectando Open Finance ao momento de vida: Liquidação de investimento relevante.","Recomendação prescritiva fictícia. Não representa oferta real, aprovação de crédito ou regra oficial do banco."
PRI-029,Quente,Alta,Quer confirmar regras antes de contratar,Gastador planejado,Compra de imóvel planejada,Trabalhar retenção antes de oferta,Retenção/Relacionamento,Gerente Principal,Alta,"Risco de churn ou baixo share wallet. Priorizar confiança, valor percebido e redução de fricção.","Abordar como gastador planejado, conectando Retenção/Relacionamento ao momento de vida: Compra de imóvel planejada.","Recomendação prescritiva fictícia. Não representa oferta real, aprovação de crédito ou regra oficial do banco."
PRI-030,Quente,Média,Não usa todos os benefícios atuais,Protetor familiar,Viagem internacional relevante,Oferecer diagnóstico de proteção familiar,Seguro de vida,App Bradesco,Alta,Lacuna de proteção familiar com perfil de alta renda exige abordagem consultiva.,"Abordar como protetor familiar, conectando Seguro de vida ao momento de vida: Viagem internacional relevante.","Recomendação prescritiva fictícia. Não representa oferta real, aprovação de crédito ou regra oficial do banco."
PRI-031,Morno,Alta,Já possui cartão premium em outro banco,Conservador de legado,Planejamento de aposentadoria,Trabalhar retenção antes de oferta,Retenção/Relacionamento,Videochamada,Alta,"Risco de churn ou baixo share wallet. Priorizar confiança, valor percebido e redução de fricção.","Abordar como conservador de legado, conectando Retenção/Relacionamento ao momento de vida: Planejamento de aposentadoria.","Recomendação prescritiva fictícia. Não representa oferta real, aprovação de crédito ou regra oficial do banco."
PRI-032,Quente,Baixa,Não usa todos os benefícios atuais,Conservador de legado,Casamento ou união estável,Solicitar consentimento Open Finance de forma transparente,Open Finance,Gerente Principal,Alta,Há gap de patrimônio estimado e oportunidade de mapear ativos externos com autorização do cliente.,"Abordar como conservador de legado, conectando Open Finance ao momento de vida: Casamento ou união estável.","Recomendação prescritiva fictícia. Não representa oferta real, aprovação de crédito ou regra oficial do banco."
PRI-033,Morno,Alta,Quer confirmar regras antes de contratar,Conservador de legado,Expansão da empresa familiar,Trabalhar retenção antes de oferta,Retenção/Relacionamento,E-mail corporativo validado,Alta,"Risco de churn ou baixo share wallet. Priorizar confiança, valor percebido e redução de fricção.","Abordar como conservador de legado, conectando Retenção/Relacionamento ao momento de vida: Expansão da empresa familiar.","Recomendação prescritiva fictícia. Não representa oferta real, aprovação de crédito ou regra oficial do banco."
PRI-034,Quente,Alta,Não usa todos os benefícios atuais,Empreendedor oportunista,Expansão da empresa familiar,Trabalhar retenção antes de oferta,Retenção/Relacionamento,Videochamada,Alta,"Risco de churn ou baixo share wallet. Priorizar confiança, valor percebido e redução de fricção.","Abordar como empreendedor oportunista, conectando Retenção/Relacionamento ao momento de vida: Expansão da empresa familiar.","Recomendação prescritiva fictícia. Não representa oferta real, aprovação de crédito ou regra oficial do banco."
PRI-035,Quente,Alta,Prefere manter investimentos pulverizados,Sofisticado internacional,Saída de dependente da folha familiar,Trabalhar retenção antes de oferta,Retenção/Relacionamento,Gerente Principal,Alta,"Risco de churn ou baixo share wallet. Priorizar confiança, valor percebido e redução de fricção.","Abordar como sofisticado internacional, conectando Retenção/Relacionamento ao momento de vida: Saída de dependente da folha familiar.","Recomendação prescritiva fictícia. Não representa oferta real, aprovação de crédito ou regra oficial do banco."
PRI-036,Quente,Baixa,Prefere manter investimentos pulverizados,Investidor de impacto,Planejamento de aposentadoria,Oferecer diagnóstico de proteção familiar,Seguro de vida,Videochamada,Alta,Lacuna de proteção familiar com perfil de alta renda exige abordagem consultiva.,"Abordar como investidor de impacto, conectando Seguro de vida ao momento de vida: Planejamento de aposentadoria.","Recomendação prescritiva fictícia. Não representa oferta real, aprovação de crédito ou regra oficial do banco."
PRI-037,Quente,Baixa,Ainda não percebe valor no segmento Principal,Otimizador de benefícios,Promoção para cargo executivo,Solicitar consentimento Open Finance de forma transparente,Open Finance,WhatsApp oficial,Alta,Há gap de patrimônio estimado e oportunidade de mapear ativos externos com autorização do cliente.,"Abordar como otimizador de benefícios, conectando Open Finance ao momento de vida: Promoção para cargo executivo.","Recomendação prescritiva fictícia. Não representa oferta real, aprovação de crédito ou regra oficial do banco."
PRI-038,Quente,Baixa,Tem dúvida sobre custo-benefício da anuidade,Sofisticado internacional,Promoção para cargo executivo,Solicitar consentimento Open Finance de forma transparente,Open Finance,Gerente Principal,Alta,Há gap de patrimônio estimado e oportunidade de mapear ativos externos com autorização do cliente.,"Abordar como sofisticado internacional, conectando Open Finance ao momento de vida: Promoção para cargo executivo.","Recomendação prescritiva fictícia. Não representa oferta real, aprovação de crédito ou regra oficial do banco."
PRI-039,Morno,Alta,Tem dúvida sobre custo-benefício da anuidade,Conservador de legado,Venda de participação societária,Trabalhar retenção antes de oferta,Retenção/Relacionamento,WhatsApp oficial,Alta,"Risco de churn ou baixo share wallet. Priorizar confiança, valor percebido e redução de fricção.","Abordar como conservador de legado, conectando Retenção/Relacionamento ao momento de vida: Venda de participação societária.","Recomendação prescritiva fictícia. Não representa oferta real, aprovação de crédito ou regra oficial do banco."
PRI-040,Morno,Baixa,Prefere manter investimentos pulverizados,Otimizador de benefícios,Nascimento de filho,Oferecer diagnóstico de proteção familiar,Seguro de vida,Gerente Principal,Média,Lacuna de proteção familiar com perfil de alta renda exige abordagem consultiva.,"Abordar como otimizador de benefícios, conectando Seguro de vida ao momento de vida: Nascimento de filho.","Recomendação prescritiva fictícia. Não representa oferta real, aprovação de crédito ou regra oficial do banco."
PRI-041,Quente,Alta,Não usa todos os benefícios atuais,Protetor familiar,Herança em organização,Trabalhar retenção antes de oferta,Retenção/Relacionamento,App Bradesco,Alta,"Risco de churn ou baixo share wallet. Priorizar confiança, valor percebido e redução de fricção.","Abordar como protetor familiar, conectando Retenção/Relacionamento ao momento de vida: Herança em organização.","Recomendação prescritiva fictícia. Não representa oferta real, aprovação de crédito ou regra oficial do banco."
PRI-042,Quente,Baixa,Quer confirmar regras antes de contratar,Gastador planejado,Promoção para cargo executivo,Oferecer diagnóstico de proteção familiar,Seguro de vida,App Bradesco,Alta,Lacuna de proteção familiar com perfil de alta renda exige abordagem consultiva.,"Abordar como gastador planejado, conectando Seguro de vida ao momento de vida: Promoção para cargo executivo.","Recomendação prescritiva fictícia. Não representa oferta real, aprovação de crédito ou regra oficial do banco."
PRI-043,Quente,Alta,Quer confirmar regras antes de contratar,Protetor familiar,Mudança de cidade,Trabalhar retenção antes de oferta,Retenção/Relacionamento,App Bradesco,Alta,"Risco de churn ou baixo share wallet. Priorizar confiança, valor percebido e redução de fricção.","Abordar como protetor familiar, conectando Retenção/Relacionamento ao momento de vida: Mudança de cidade.","Recomendação prescritiva fictícia. Não representa oferta real, aprovação de crédito ou regra oficial do banco."
PRI-044,Quente,Alta,Tem dúvida sobre custo-benefício da anuidade,Acumulador patrimonial,Abertura de empresa,Trabalhar retenção antes de oferta,Retenção/Relacionamento,Videochamada,Alta,"Risco de churn ou baixo share wallet. Priorizar confiança, valor percebido e redução de fricção.","Abordar como acumulador patrimonial, conectando Retenção/Relacionamento ao momento de vida: Abertura de empresa.","Recomendação prescritiva fictícia. Não representa oferta real, aprovação de crédito ou regra oficial do banco."
PRI-045,Morno,Média,Não usa todos os benefícios atuais,Protetor familiar,Filho entrando na faculdade,Solicitar consentimento Open Finance de forma transparente,Open Finance,App Bradesco,Média,Há gap de patrimônio estimado e oportunidade de mapear ativos externos com autorização do cliente.,"Abordar como protetor familiar, conectando Open Finance ao momento de vida: Filho entrando na faculdade.","Recomendação prescritiva fictícia. Não representa oferta real, aprovação de crédito ou regra oficial do banco."
PRI-046,Morno,Alta,Já possui cartão premium em outro banco,Conservador de legado,Expansão da empresa familiar,Trabalhar retenção antes de oferta,Retenção/Relacionamento,E-mail corporativo validado,Alta,"Risco de churn ou baixo share wallet. Priorizar confiança, valor percebido e redução de fricção.","Abordar como conservador de legado, conectando Retenção/Relacionamento ao momento de vida: Expansão da empresa familiar.","Recomendação prescritiva fictícia. Não representa oferta real, aprovação de crédito ou regra oficial do banco."
PRI-047,Quente,Média,Já possui cartão premium em outro banco,Acumulador patrimonial,Recebimento de bônus anual,Solicitar consentimento Open Finance de forma transparente,Open Finance,Videochamada,Alta,Há gap de patrimônio estimado e oportunidade de mapear ativos externos com autorização do cliente.,"Abordar como acumulador patrimonial, conectando Open Finance ao momento de vida: Recebimento de bônus anual.","Recomendação prescritiva fictícia. Não representa oferta real, aprovação de crédito ou regra oficial do banco."
PRI-048,Morno,Baixa,Prefere manter investimentos pulverizados,Protetor familiar,Promoção para cargo executivo,Oferecer diagnóstico de proteção familiar,Seguro de vida,App Bradesco,Média,Lacuna de proteção familiar com perfil de alta renda exige abordagem consultiva.,"Abordar como protetor familiar, conectando Seguro de vida ao momento de vida: Promoção para cargo executivo.","Recomendação prescritiva fictícia. Não representa oferta real, aprovação de crédito ou regra oficial do banco."
PRI-049,Quente,Alta,Prefere manter investimentos pulverizados,Gastador planejado,Saída de dependente da folha familiar,Trabalhar retenção antes de oferta,Retenção/Relacionamento,Gerente Principal,Alta,"Risco de churn ou baixo share wallet. Priorizar confiança, valor percebido e redução de fricção.","Abordar como gastador planejado, conectando Retenção/Relacionamento ao momento de vida: Saída de dependente da folha familiar.","Recomendação prescritiva fictícia. Não representa oferta real, aprovação de crédito ou regra oficial do banco."
PRI-050,Quente,Alta,Já possui cartão premium em outro banco,Empreendedor oportunista,Compra de imóvel planejada,Trabalhar retenção antes de oferta,Retenção/Relacionamento,WhatsApp oficial,Alta,"Risco de churn ou baixo share wallet. Priorizar confiança, valor percebido e redução de fricção.","Abordar como empreendedor oportunista, conectando Retenção/Relacionamento ao momento de vida: Compra de imóvel planejada.","Recomendação prescritiva fictícia. Não representa oferta real, aprovação de crédito ou regra oficial do banco."
PRM-001,Quente,Alta,Prefere manter investimentos pulverizados,Conservador de legado,Recebimento de bônus anual,Trabalhar retenção antes de oferta,Retenção/Relacionamento,Agência,Alta,"Risco de churn ou baixo share wallet. Priorizar confiança, valor percebido e redução de fricção.","Abordar como conservador de legado, conectando Retenção/Relacionamento ao momento de vida: Recebimento de bônus anual.","Recomendação prescritiva fictícia. Não representa oferta real, aprovação de crédito ou regra oficial do banco."
PRM-002,Quente,Média,Quer confirmar regras antes de contratar,Gastador planejado,Nascimento de filho,Solicitar consentimento Open Finance de forma transparente,Open Finance,Gerente Principal,Alta,Há gap de patrimônio estimado e oportunidade de mapear ativos externos com autorização do cliente.,"Abordar como gastador planejado, conectando Open Finance ao momento de vida: Nascimento de filho.","Recomendação prescritiva fictícia. Não representa oferta real, aprovação de crédito ou regra oficial do banco."
PRM-003,Quente,Baixa,Prefere manter investimentos pulverizados,Sofisticado internacional,Nascimento de filho,Conduzir migração Prime para Principal,Trilha Principal,WhatsApp oficial,Alta,"Cliente Prime apresenta crescimento, aporte previsto ou uso de cartão compatível com evolução de segmento.","Abordar como sofisticado internacional, conectando Trilha Principal ao momento de vida: Nascimento de filho.","Recomendação prescritiva fictícia. Não representa oferta real, aprovação de crédito ou regra oficial do banco."
PRM-004,Quente,Alta,Não usa todos os benefícios atuais,Sofisticado internacional,Venda de participação societária,Trabalhar retenção antes de oferta,Retenção/Relacionamento,App Bradesco,Alta,"Risco de churn ou baixo share wallet. Priorizar confiança, valor percebido e redução de fricção.","Abordar como sofisticado internacional, conectando Retenção/Relacionamento ao momento de vida: Venda de participação societária.","Recomendação prescritiva fictícia. Não representa oferta real, aprovação de crédito ou regra oficial do banco."
PRM-005,Quente,Baixa,Quer confirmar regras antes de contratar,Otimizador de benefícios,Herança em organização,Agendar conversa de wealth planning,Wealth Planning,App Bradesco,Alta,Evento patrimonial ou familiar indica oportunidade de planejamento sucessório e proteção.,"Abordar como otimizador de benefícios, conectando Wealth Planning ao momento de vida: Herança em organização.","Recomendação prescritiva fictícia. Não representa oferta real, aprovação de crédito ou regra oficial do banco."
PRM-006,Quente,Alta,Ainda não percebe valor no segmento Principal,Otimizador de benefícios,Renovação de cartão premium,Trabalhar retenção antes de oferta,Retenção/Relacionamento,App Bradesco,Alta,"Risco de churn ou baixo share wallet. Priorizar confiança, valor percebido e redução de fricção.","Abordar como otimizador de benefícios, conectando Retenção/Relacionamento ao momento de vida: Renovação de cartão premium.","Recomendação prescritiva fictícia. Não representa oferta real, aprovação de crédito ou regra oficial do banco."
PRM-007,Quente,Alta,Quer confirmar regras antes de contratar,Sofisticado internacional,Expansão da empresa familiar,Trabalhar retenção antes de oferta,Retenção/Relacionamento,App Bradesco,Alta,"Risco de churn ou baixo share wallet. Priorizar confiança, valor percebido e redução de fricção.","Abordar como sofisticado internacional, conectando Retenção/Relacionamento ao momento de vida: Expansão da empresa familiar.","Recomendação prescritiva fictícia. Não representa oferta real, aprovação de crédito ou regra oficial do banco."
PRM-008,Quente,Alta,Prefere manter investimentos pulverizados,Investidor de impacto,Revisão sucessória familiar,Trabalhar retenção antes de oferta,Retenção/Relacionamento,Agência,Alta,"Risco de churn ou baixo share wallet. Priorizar confiança, valor percebido e redução de fricção.","Abordar como investidor de impacto, conectando Retenção/Relacionamento ao momento de vida: Revisão sucessória familiar.","Recomendação prescritiva fictícia. Não representa oferta real, aprovação de crédito ou regra oficial do banco."
PRM-009,Quente,Alta,Prefere manter investimentos pulverizados,Investidor de impacto,Promoção para cargo executivo,Trabalhar retenção antes de oferta,Retenção/Relacionamento,App Bradesco,Alta,"Risco de churn ou baixo share wallet. Priorizar confiança, valor percebido e redução de fricção.","Abordar como investidor de impacto, conectando Retenção/Relacionamento ao momento de vida: Promoção para cargo executivo.","Recomendação prescritiva fictícia. Não representa oferta real, aprovação de crédito ou regra oficial do banco."
PRM-010,Quente,Média,Já possui cartão premium em outro banco,Acumulador patrimonial,Separação patrimonial,Oferecer diagnóstico de proteção familiar,Seguro de vida,Videochamada,Alta,Lacuna de proteção familiar com perfil de alta renda exige abordagem consultiva.,"Abordar como acumulador patrimonial, conectando Seguro de vida ao momento de vida: Separação patrimonial.","Recomendação prescritiva fictícia. Não representa oferta real, aprovação de crédito ou regra oficial do banco."
PRM-011,Quente,Alta,Prefere manter investimentos pulverizados,Protetor familiar,Viagem internacional relevante,Trabalhar retenção antes de oferta,Retenção/Relacionamento,Gerente Principal,Alta,"Risco de churn ou baixo share wallet. Priorizar confiança, valor percebido e redução de fricção.","Abordar como protetor familiar, conectando Retenção/Relacionamento ao momento de vida: Viagem internacional relevante.","Recomendação prescritiva fictícia. Não representa oferta real, aprovação de crédito ou regra oficial do banco."
PRM-012,Quente,Alta,Ainda não percebe valor no segmento Principal,Investidor de impacto,Venda de imóvel,Trabalhar retenção antes de oferta,Retenção/Relacionamento,App Bradesco,Alta,"Risco de churn ou baixo share wallet. Priorizar confiança, valor percebido e redução de fricção.","Abordar como investidor de impacto, conectando Retenção/Relacionamento ao momento de vida: Venda de imóvel.","Recomendação prescritiva fictícia. Não representa oferta real, aprovação de crédito ou regra oficial do banco."
PRM-013,Quente,Baixa,Tem dúvida sobre custo-benefício da anuidade,Empreendedor oportunista,Nascimento de filho,Agendar conversa de wealth planning,Wealth Planning,App Bradesco,Alta,Evento patrimonial ou familiar indica oportunidade de planejamento sucessório e proteção.,"Abordar como empreendedor oportunista, conectando Wealth Planning ao momento de vida: Nascimento de filho.","Recomendação prescritiva fictícia. Não representa oferta real, aprovação de crédito ou regra oficial do banco."
PRM-014,Quente,Baixa,Já possui cartão premium em outro banco,Protetor familiar,Venda de imóvel,Oferecer diagnóstico de proteção familiar,Seguro de vida,E-mail corporativo validado,Alta,Lacuna de proteção familiar com perfil de alta renda exige abordagem consultiva.,"Abordar como protetor familiar, conectando Seguro de vida ao momento de vida: Venda de imóvel.","Recomendação prescritiva fictícia. Não representa oferta real, aprovação de crédito ou regra oficial do banco."
PRM-015,Quente,Média,Tem dúvida sobre custo-benefício da anuidade,Protetor familiar,Renovação de cartão premium,Solicitar consentimento Open Finance de forma transparente,Open Finance,Gerente Principal,Alta,Há gap de patrimônio estimado e oportunidade de mapear ativos externos com autorização do cliente.,"Abordar como protetor familiar, conectando Open Finance ao momento de vida: Renovação de cartão premium.","Recomendação prescritiva fictícia. Não representa oferta real, aprovação de crédito ou regra oficial do banco."
PRM-016,Quente,Alta,Não usa todos os benefícios atuais,Empreendedor oportunista,Compra de imóvel planejada,Trabalhar retenção antes de oferta,Retenção/Relacionamento,Gerente Principal,Alta,"Risco de churn ou baixo share wallet. Priorizar confiança, valor percebido e redução de fricção.","Abordar como empreendedor oportunista, conectando Retenção/Relacionamento ao momento de vida: Compra de imóvel planejada.","Recomendação prescritiva fictícia. Não representa oferta real, aprovação de crédito ou regra oficial do banco."
PRM-017,Quente,Alta,Ainda não percebe valor no segmento Principal,Sofisticado internacional,Herança em organização,Trabalhar retenção antes de oferta,Retenção/Relacionamento,Gerente Principal,Alta,"Risco de churn ou baixo share wallet. Priorizar confiança, valor percebido e redução de fricção.","Abordar como sofisticado internacional, conectando Retenção/Relacionamento ao momento de vida: Herança em organização.","Recomendação prescritiva fictícia. Não representa oferta real, aprovação de crédito ou regra oficial do banco."
PRM-018,Quente,Média,Quer confirmar regras antes de contratar,Protetor familiar,Internacionalização patrimonial,Conduzir migração Prime para Principal,Trilha Principal,Videochamada,Alta,"Cliente Prime apresenta crescimento, aporte previsto ou uso de cartão compatível com evolução de segmento.","Abordar como protetor familiar, conectando Trilha Principal ao momento de vida: Internacionalização patrimonial.","Recomendação prescritiva fictícia. Não representa oferta real, aprovação de crédito ou regra oficial do banco."
PRM-019,Quente,Alta,Ainda não percebe valor no segmento Principal,Empreendedor oportunista,Internacionalização patrimonial,Trabalhar retenção antes de oferta,Retenção/Relacionamento,WhatsApp oficial,Alta,"Risco de churn ou baixo share wallet. Priorizar confiança, valor percebido e redução de fricção.","Abordar como empreendedor oportunista, conectando Retenção/Relacionamento ao momento de vida: Internacionalização patrimonial.","Recomendação prescritiva fictícia. Não representa oferta real, aprovação de crédito ou regra oficial do banco."
PRM-020,Quente,Alta,Tem dúvida sobre custo-benefício da anuidade,Acumulador patrimonial,Filho entrando na faculdade,Trabalhar retenção antes de oferta,Retenção/Relacionamento,Gerente Principal,Alta,"Risco de churn ou baixo share wallet. Priorizar confiança, valor percebido e redução de fricção.","Abordar como acumulador patrimonial, conectando Retenção/Relacionamento ao momento de vida: Filho entrando na faculdade.","Recomendação prescritiva fictícia. Não representa oferta real, aprovação de crédito ou regra oficial do banco."
PRM-021,Quente,Média,Não usa todos os benefícios atuais,Investidor de impacto,Abertura de empresa,Oferecer diagnóstico de proteção familiar,Seguro de vida,App Bradesco,Alta,Lacuna de proteção familiar com perfil de alta renda exige abordagem consultiva.,"Abordar como investidor de impacto, conectando Seguro de vida ao momento de vida: Abertura de empresa.","Recomendação prescritiva fictícia. Não representa oferta real, aprovação de crédito ou regra oficial do banco."
PRM-022,Quente,Alta,Ainda não percebe valor no segmento Principal,Investidor de impacto,Expansão da empresa familiar,Trabalhar retenção antes de oferta,Retenção/Relacionamento,Agência,Alta,"Risco de churn ou baixo share wallet. Priorizar confiança, valor percebido e redução de fricção.","Abordar como investidor de impacto, conectando Retenção/Relacionamento ao momento de vida: Expansão da empresa familiar.","Recomendação prescritiva fictícia. Não representa oferta real, aprovação de crédito ou regra oficial do banco."
PRM-023,Quente,Alta,Tem dúvida sobre custo-benefício da anuidade,Conservador de legado,Internacionalização patrimonial,Trabalhar retenção antes de oferta,Retenção/Relacionamento,Videochamada,Alta,"Risco de churn ou baixo share wallet. Priorizar confiança, valor percebido e redução de fricção.","Abordar como conservador de legado, conectando Retenção/Relacionamento ao momento de vida: Internacionalização patrimonial.","Recomendação prescritiva fictícia. Não representa oferta real, aprovação de crédito ou regra oficial do banco."
PRM-024,Quente,Alta,Quer confirmar regras antes de contratar,Protetor familiar,Expansão da empresa familiar,Trabalhar retenção antes de oferta,Retenção/Relacionamento,Gerente Principal,Alta,"Risco de churn ou baixo share wallet. Priorizar confiança, valor percebido e redução de fricção.","Abordar como protetor familiar, conectando Retenção/Relacionamento ao momento de vida: Expansão da empresa familiar.","Recomendação prescritiva fictícia. Não representa oferta real, aprovação de crédito ou regra oficial do banco."
PRM-025,Morno,Baixa,Prefere manter investimentos pulverizados,Investidor de impacto,Liquidação de investimento relevante,Oferecer diagnóstico de proteção familiar,Seguro de vida,Videochamada,Média,Lacuna de proteção familiar com perfil de alta renda exige abordagem consultiva.,"Abordar como investidor de impacto, conectando Seguro de vida ao momento de vida: Liquidação de investimento relevante.","Recomendação prescritiva fictícia. Não representa oferta real, aprovação de crédito ou regra oficial do banco."
PRM-026,Morno,Alta,Tem dúvida sobre custo-benefício da anuidade,Sofisticado internacional,Renovação de cartão premium,Trabalhar retenção antes de oferta,Retenção/Relacionamento,App Bradesco,Alta,"Risco de churn ou baixo share wallet. Priorizar confiança, valor percebido e redução de fricção.","Abordar como sofisticado internacional, conectando Retenção/Relacionamento ao momento de vida: Renovação de cartão premium.","Recomendação prescritiva fictícia. Não representa oferta real, aprovação de crédito ou regra oficial do banco."
PRM-027,Morno,Alta,Ainda não percebe valor no segmento Principal,Conservador de legado,Filho entrando na faculdade,Trabalhar retenção antes de oferta,Retenção/Relacionamento,Agência,Alta,"Risco de churn ou baixo share wallet. Priorizar confiança, valor percebido e redução de fricção.","Abordar como conservador de legado, conectando Retenção/Relacionamento ao momento de vida: Filho entrando na faculdade.","Recomendação prescritiva fictícia. Não representa oferta real, aprovação de crédito ou regra oficial do banco."
PRM-028,Morno,Baixa,Ainda não percebe valor no segmento Principal,Empreendedor oportunista,Herança em organização,Conduzir migração Prime para Principal,Trilha Principal,Gerente Principal,Média,"Cliente Prime apresenta crescimento, aporte previsto ou uso de cartão compatível com evolução de segmento.","Abordar como empreendedor oportunista, conectando Trilha Principal ao momento de vida: Herança em organização.","Recomendação prescritiva fictícia. Não representa oferta real, aprovação de crédito ou regra oficial do banco."
PRM-029,Morno,Alta,Tem dúvida sobre custo-benefício da anuidade,Sofisticado internacional,Separação patrimonial,Trabalhar retenção antes de oferta,Retenção/Relacionamento,WhatsApp oficial,Alta,"Risco de churn ou baixo share wallet. Priorizar confiança, valor percebido e redução de fricção.","Abordar como sofisticado internacional, conectando Retenção/Relacionamento ao momento de vida: Separação patrimonial.","Recomendação prescritiva fictícia. Não representa oferta real, aprovação de crédito ou regra oficial do banco."
PRM-030,Morno,Alta,Prefere manter investimentos pulverizados,Sofisticado internacional,Compra de imóvel planejada,Trabalhar retenção antes de oferta,Retenção/Relacionamento,Agência,Alta,"Risco de churn ou baixo share wallet. Priorizar confiança, valor percebido e redução de fricção.","Abordar como sofisticado internacional, conectando Retenção/Relacionamento ao momento de vida: Compra de imóvel planejada.","Recomendação prescritiva fictícia. Não representa oferta real, aprovação de crédito ou regra oficial do banco."
PRM-031,Morno,Alta,Ainda não percebe valor no segmento Principal,Empreendedor oportunista,Expansão da empresa familiar,Trabalhar retenção antes de oferta,Retenção/Relacionamento,Gerente Principal,Alta,"Risco de churn ou baixo share wallet. Priorizar confiança, valor percebido e redução de fricção.","Abordar como empreendedor oportunista, conectando Retenção/Relacionamento ao momento de vida: Expansão da empresa familiar.","Recomendação prescritiva fictícia. Não representa oferta real, aprovação de crédito ou regra oficial do banco."
PRM-032,Morno,Alta,Quer confirmar regras antes de contratar,Acumulador patrimonial,Renovação de cartão premium,Trabalhar retenção antes de oferta,Retenção/Relacionamento,Gerente Principal,Alta,"Risco de churn ou baixo share wallet. Priorizar confiança, valor percebido e redução de fricção.","Abordar como acumulador patrimonial, conectando Retenção/Relacionamento ao momento de vida: Renovação de cartão premium.","Recomendação prescritiva fictícia. Não representa oferta real, aprovação de crédito ou regra oficial do banco."
PRM-033,Morno,Média,Já possui cartão premium em outro banco,Investidor de impacto,Renovação de cartão premium,Solicitar consentimento Open Finance de forma transparente,Open Finance,Gerente Principal,Média,Há gap de patrimônio estimado e oportunidade de mapear ativos externos com autorização do cliente.,"Abordar como investidor de impacto, conectando Open Finance ao momento de vida: Renovação de cartão premium.","Recomendação prescritiva fictícia. Não representa oferta real, aprovação de crédito ou regra oficial do banco."
PRM-034,Morno,Alta,Ainda não percebe valor no segmento Principal,Otimizador de benefícios,Expansão da empresa familiar,Trabalhar retenção antes de oferta,Retenção/Relacionamento,Agência,Alta,"Risco de churn ou baixo share wallet. Priorizar confiança, valor percebido e redução de fricção.","Abordar como otimizador de benefícios, conectando Retenção/Relacionamento ao momento de vida: Expansão da empresa familiar.","Recomendação prescritiva fictícia. Não representa oferta real, aprovação de crédito ou regra oficial do banco."
PRM-035,Morno,Baixa,Prefere manter investimentos pulverizados,Gastador planejado,Renovação de cartão premium,Agendar conversa de wealth planning,Wealth Planning,App Bradesco,Média,Evento patrimonial ou familiar indica oportunidade de planejamento sucessório e proteção.,"Abordar como gastador planejado, conectando Wealth Planning ao momento de vida: Renovação de cartão premium.","Recomendação prescritiva fictícia. Não representa oferta real, aprovação de crédito ou regra oficial do banco."
PRM-036,Morno,Alta,Já possui cartão premium em outro banco,Acumulador patrimonial,Revisão sucessória familiar,Trabalhar retenção antes de oferta,Retenção/Relacionamento,App Bradesco,Alta,"Risco de churn ou baixo share wallet. Priorizar confiança, valor percebido e redução de fricção.","Abordar como acumulador patrimonial, conectando Retenção/Relacionamento ao momento de vida: Revisão sucessória familiar.","Recomendação prescritiva fictícia. Não representa oferta real, aprovação de crédito ou regra oficial do banco."
PRM-037,Morno,Média,Ainda não percebe valor no segmento Principal,Acumulador patrimonial,Venda de imóvel,Solicitar consentimento Open Finance de forma transparente,Open Finance,App Bradesco,Média,Há gap de patrimônio estimado e oportunidade de mapear ativos externos com autorização do cliente.,"Abordar como acumulador patrimonial, conectando Open Finance ao momento de vida: Venda de imóvel.","Recomendação prescritiva fictícia. Não representa oferta real, aprovação de crédito ou regra oficial do banco."
PRM-038,Morno,Baixa,Tem dúvida sobre custo-benefício da anuidade,Investidor de impacto,Revisão sucessória familiar,Conduzir migração Prime para Principal,Trilha Principal,App Bradesco,Média,"Cliente Prime apresenta crescimento, aporte previsto ou uso de cartão compatível com evolução de segmento.","Abordar como investidor de impacto, conectando Trilha Principal ao momento de vida: Revisão sucessória familiar.","Recomendação prescritiva fictícia. Não representa oferta real, aprovação de crédito ou regra oficial do banco."
PRM-039,Morno,Alta,Já possui cartão premium em outro banco,Gastador planejado,Expansão da empresa familiar,Trabalhar retenção antes de oferta,Retenção/Relacionamento,App Bradesco,Alta,"Risco de churn ou baixo share wallet. Priorizar confiança, valor percebido e redução de fricção.","Abordar como gastador planejado, conectando Retenção/Relacionamento ao momento de vida: Expansão da empresa familiar.","Recomendação prescritiva fictícia. Não representa oferta real, aprovação de crédito ou regra oficial do banco."
PRM-040,Morno,Alta,Já possui cartão premium em outro banco,Sofisticado internacional,Planejamento de aposentadoria,Trabalhar retenção antes de oferta,Retenção/Relacionamento,Agência,Alta,"Risco de churn ou baixo share wallet. Priorizar confiança, valor percebido e redução de fricção.","Abordar como sofisticado internacional, conectando Retenção/Relacionamento ao momento de vida: Planejamento de aposentadoria.","Recomendação prescritiva fictícia. Não representa oferta real, aprovação de crédito ou regra oficial do banco."
PRM-041,Morno,Alta,Já possui cartão premium em outro banco,Empreendedor oportunista,Planejamento de aposentadoria,Trabalhar retenção antes de oferta,Retenção/Relacionamento,WhatsApp oficial,Alta,"Risco de churn ou baixo share wallet. Priorizar confiança, valor percebido e redução de fricção.","Abordar como empreendedor oportunista, conectando Retenção/Relacionamento ao momento de vida: Planejamento de aposentadoria.","Recomendação prescritiva fictícia. Não representa oferta real, aprovação de crédito ou regra oficial do banco."
PRM-042,Morno,Baixa,Prefere manter investimentos pulverizados,Gastador planejado,Venda de imóvel,Conduzir migração Prime para Principal,Trilha Principal,E-mail corporativo validado,Média,"Cliente Prime apresenta crescimento, aporte previsto ou uso de cartão compatível com evolução de segmento.","Abordar como gastador planejado, conectando Trilha Principal ao momento de vida: Venda de imóvel.","Recomendação prescritiva fictícia. Não representa oferta real, aprovação de crédito ou regra oficial do banco."
PRM-043,Morno,Média,Já possui cartão premium em outro banco,Sofisticado internacional,Expansão da empresa familiar,Solicitar consentimento Open Finance de forma transparente,Open Finance,Gerente Principal,Média,Há gap de patrimônio estimado e oportunidade de mapear ativos externos com autorização do cliente.,"Abordar como sofisticado internacional, conectando Open Finance ao momento de vida: Expansão da empresa familiar.","Recomendação prescritiva fictícia. Não representa oferta real, aprovação de crédito ou regra oficial do banco."
PRM-044,Morno,Média,Quer confirmar regras antes de contratar,Investidor de impacto,Filho entrando na faculdade,Conduzir migração Prime para Principal,Trilha Principal,E-mail corporativo validado,Média,"Cliente Prime apresenta crescimento, aporte previsto ou uso de cartão compatível com evolução de segmento.","Abordar como investidor de impacto, conectando Trilha Principal ao momento de vida: Filho entrando na faculdade.","Recomendação prescritiva fictícia. Não representa oferta real, aprovação de crédito ou regra oficial do banco."
PRM-045,Morno,Baixa,Prefere manter investimentos pulverizados,Empreendedor oportunista,Venda de participação societária,Conduzir migração Prime para Principal,Trilha Principal,App Bradesco,Média,"Cliente Prime apresenta crescimento, aporte previsto ou uso de cartão compatível com evolução de segmento.","Abordar como empreendedor oportunista, conectando Trilha Principal ao momento de vida: Venda de participação societária.","Recomendação prescritiva fictícia. Não representa oferta real, aprovação de crédito ou regra oficial do banco."
PRM-046,Nutrição,Alta,Já possui cartão premium em outro banco,Empreendedor oportunista,Renovação de cartão premium,Trabalhar retenção antes de oferta,Retenção/Relacionamento,WhatsApp oficial,Alta,"Risco de churn ou baixo share wallet. Priorizar confiança, valor percebido e redução de fricção.","Abordar como empreendedor oportunista, conectando Retenção/Relacionamento ao momento de vida: Renovação de cartão premium.","Recomendação prescritiva fictícia. Não representa oferta real, aprovação de crédito ou regra oficial do banco."
PRM-047,Morno,Baixa,Tem dúvida sobre custo-benefício da anuidade,Gastador planejado,Saída de dependente da folha familiar,Oferecer diagnóstico de proteção familiar,Seguro de vida,WhatsApp oficial,Média,Lacuna de proteção familiar com perfil de alta renda exige abordagem consultiva.,"Abordar como gastador planejado, conectando Seguro de vida ao momento de vida: Saída de dependente da folha familiar.","Recomendação prescritiva fictícia. Não representa oferta real, aprovação de crédito ou regra oficial do banco."
PRM-048,Nutrição,Alta,Tem dúvida sobre custo-benefício da anuidade,Empreendedor oportunista,Compra de imóvel planejada,Trabalhar retenção antes de oferta,Retenção/Relacionamento,Videochamada,Alta,"Risco de churn ou baixo share wallet. Priorizar confiança, valor percebido e redução de fricção.","Abordar como empreendedor oportunista, conectando Retenção/Relacionamento ao momento de vida: Compra de imóvel planejada.","Recomendação prescritiva fictícia. Não representa oferta real, aprovação de crédito ou regra oficial do banco."
PRM-049,Nutrição,Alta,Tem dúvida sobre custo-benefício da anuidade,Gastador planejado,Nascimento de filho,Trabalhar retenção antes de oferta,Retenção/Relacionamento,E-mail corporativo validado,Alta,"Risco de churn ou baixo share wallet. Priorizar confiança, valor percebido e redução de fricção.","Abordar como gastador planejado, conectando Retenção/Relacionamento ao momento de vida: Nascimento de filho.","Recomendação prescritiva fictícia. Não representa oferta real, aprovação de crédito ou regra oficial do banco."
PRM-050,Morno,Alta,Prefere manter investimentos pulverizados,Otimizador de benefícios,Compra de imóvel planejada,Trabalhar retenção antes de oferta,Retenção/Relacionamento,Agência,Alta,"Risco de churn ou baixo share wallet. Priorizar confiança, valor percebido e redução de fricção.","Abordar como otimizador de benefícios, conectando Retenção/Relacionamento ao momento de vida: Compra de imóvel planejada.","Recomendação prescritiva fictícia. Não representa oferta real, aprovação de crédito ou regra oficial do banco."
